<application>
  <component name="FileTypeManager" version="17">
    <ignoreFiles list="*$py.class;*.hprof;*.pyc;*.pyo;*.rbc;*.yarb;*~;.DS_Store;.git;.hg;.svn;CVS;__pycache__;_svn;vssver.scc;vssver2.scc;" />
    <extensionMap>
      <mapping pattern=".ideavimrc" type="PLAIN_TEXT" />
      <mapping pattern="cookie" type="PLAIN_TEXT" />
      <mapping pattern="README" type="PLAIN_TEXT" />
      <mapping ext="repo" type="PLAIN_TEXT" />
      <mapping ext="rpmnew" type="PLAIN_TEXT" />
      <mapping ext="adf" type="PLAIN_TEXT" />
    </extensionMap>
  </component>
</application>