<application>
  <component name="ProjectJdkTable">
    <jdk version="2">
      <name value="Python 3.6" />
      <type value="Python SDK" />
      <version value="Python 3.6.5" />
      <homePath value="/usr/local/bin/python3.6" />
      <roots>
        <classPath>
          <root type="composite">
            <root url="file:///Library/Frameworks/Python.framework/Versions/3.6/lib/python3.6" type="simple" />
            <root url="file:///Library/Frameworks/Python.framework/Versions/3.6/lib/python3.6/lib-dynload" type="simple" />
            <root url="file://$USER_HOME$/Library/Python/3.6/lib/python/site-packages" type="simple" />
            <root url="file:///Library/Frameworks/Python.framework/Versions/3.6/lib/python3.6/site-packages" type="simple" />
            <root url="file:///Library/Frameworks/Python.framework/Versions/3.6/lib/python3.6/site-packages/rpa-0.0.1-py3.6.egg" type="simple" />
            <root url="jar:///Library/Frameworks/Python.framework/Versions/3.6/lib/python3.6/site-packages/bs4-0.0.1-py3.6.egg!/" type="simple" />
            <root url="file:///Library/Frameworks/Python.framework/Versions/3.6/lib/python3.6/site-packages/robotframework_selenium2library-3.0.0-py3.6.egg" type="simple" />
            <root url="file:///Library/Frameworks/Python.framework/Versions/3.6/lib/python3.6/site-packages/robotframework_seleniumlibrary-5.0.0b1-py3.6.egg" type="simple" />
            <root url="file:///Library/Frameworks/Python.framework/Versions/3.6/lib/python3.6/site-packages/selenium-4.0.0a6.post2-py3.6.egg" type="simple" />
            <root url="file:///Library/Frameworks/Python.framework/Versions/3.6/lib/python3.6/site-packages/robotframework_pythonlibcore-2.1.0-py3.6.egg" type="simple" />
            <root url="file:///Library/Frameworks/Python.framework/Versions/3.6/lib/python3.6/site-packages/pyOpenSSL-19.1.0-py3.6.egg" type="simple" />
            <root url="file://$USER_HOME$/Library/Caches/JetBrains/PyCharm2020.2/python_stubs/-1199943127" type="simple" />
            <root url="file://$APPLICATION_HOME_DIR$/plugins/python/helpers/python-skeletons" type="simple" />
            <root url="file://$APPLICATION_HOME_DIR$/plugins/python/helpers/typeshed/stdlib/3" type="simple" />
            <root url="file://$APPLICATION_HOME_DIR$/plugins/python/helpers/typeshed/stdlib/2and3" type="simple" />
            <root url="file://$APPLICATION_HOME_DIR$/plugins/python/helpers/typeshed/third_party/3" type="simple" />
            <root url="file://$APPLICATION_HOME_DIR$/plugins/python/helpers/typeshed/third_party/2and3" type="simple" />
          </root>
        </classPath>
        <sourcePath>
          <root type="composite" />
        </sourcePath>
      </roots>
      <additional />
    </jdk>
    <jdk version="2">
      <name value="Python 2.7" />
      <type value="Python SDK" />
      <version value="Python 2.7.16" />
      <homePath value="/usr/bin/python2.7" />
      <roots>
        <classPath>
          <root type="composite">
            <root url="file:///System/Library/Frameworks/Python.framework/Versions/2.7/lib/python2.7" type="simple" />
            <root url="file:///System/Library/Frameworks/Python.framework/Versions/2.7/lib/python2.7/plat-darwin" type="simple" />
            <root url="file:///System/Library/Frameworks/Python.framework/Versions/2.7/lib/python2.7/plat-mac" type="simple" />
            <root url="file:///System/Library/Frameworks/Python.framework/Versions/2.7/lib/python2.7/plat-mac/lib-scriptpackages" type="simple" />
            <root url="file:///System/Library/Frameworks/Python.framework/Versions/2.7/lib/python2.7/lib-tk" type="simple" />
            <root url="file:///System/Library/Frameworks/Python.framework/Versions/2.7/lib/python2.7/lib-dynload" type="simple" />
            <root url="file://$USER_HOME$/Library/Python/2.7/lib/python/site-packages" type="simple" />
            <root url="file:///Library/Python/2.7/site-packages" type="simple" />
            <root url="file:///System/Library/Frameworks/Python.framework/Versions/2.7/Extras/lib/python" type="simple" />
            <root url="file:///System/Library/Frameworks/Python.framework/Versions/2.7/Extras/lib/python/PyObjC" type="simple" />
            <root url="jar:///Library/Python/2.7/site-packages/autosub-0.4.0-py2.7.egg!/" type="simple" />
            <root url="file:///Library/Python/2.7/site-packages/progressbar2-3.53.1-py2.7.egg" type="simple" />
            <root url="jar:///Library/Python/2.7/site-packages/pysrt-1.1.2-py2.7.egg!/" type="simple" />
            <root url="file:///Library/Python/2.7/site-packages/requests-2.24.0-py2.7.egg" type="simple" />
            <root url="file:///Library/Python/2.7/site-packages/google_api_python_client-1.12.3-py2.7.egg" type="simple" />
            <root url="file:///Library/Python/2.7/site-packages/python_utils-2.4.0-py2.7.egg" type="simple" />
            <root url="file:///Library/Python/2.7/site-packages/chardet-3.0.4-py2.7.egg" type="simple" />
            <root url="file:///Library/Python/2.7/site-packages/urllib3-1.25.11-py2.7.egg" type="simple" />
            <root url="file:///Library/Python/2.7/site-packages/idna-2.10-py2.7.egg" type="simple" />
            <root url="file:///Library/Python/2.7/site-packages/certifi-2020.6.20-py2.7.egg" type="simple" />
            <root url="file:///Library/Python/2.7/site-packages/uritemplate-3.0.1-py2.7.egg" type="simple" />
            <root url="file:///Library/Python/2.7/site-packages/pip-20.3b1-py2.7.egg" type="simple" />
            <root url="file://$USER_HOME$/Library/Caches/JetBrains/PyCharm2020.2/python_stubs/-1247972723" type="simple" />
            <root url="file://$APPLICATION_HOME_DIR$/plugins/python/helpers/python-skeletons" type="simple" />
            <root url="file://$APPLICATION_HOME_DIR$/plugins/python/helpers/typeshed/stdlib/2" type="simple" />
            <root url="file://$APPLICATION_HOME_DIR$/plugins/python/helpers/typeshed/stdlib/2and3" type="simple" />
            <root url="file://$APPLICATION_HOME_DIR$/plugins/python/helpers/typeshed/third_party/2" type="simple" />
            <root url="file://$APPLICATION_HOME_DIR$/plugins/python/helpers/typeshed/third_party/2and3" type="simple" />
          </root>
        </classPath>
        <sourcePath>
          <root type="composite" />
        </sourcePath>
      </roots>
      <additional />
    </jdk>
    <jdk version="2">
      <name value="Python 3.6 (pyrpa)" />
      <type value="Python SDK" />
      <version value="Python 3.6.5" />
      <homePath value="$USER_HOME$/PycharmProjects/venv/pyrpa/bin/python" />
      <roots>
        <classPath>
          <root type="composite">
            <root url="file:///Library/Frameworks/Python.framework/Versions/3.6/lib/python3.6" type="simple" />
            <root url="file:///Library/Frameworks/Python.framework/Versions/3.6/lib/python3.6/lib-dynload" type="simple" />
            <root url="file://$USER_HOME$/PycharmProjects/venv/pyrpa/lib/python3.6/site-packages" type="simple" />
            <root url="file://$USER_HOME$/Library/Caches/JetBrains/PyCharm2020.2/python_stubs/1409806328" type="simple" />
            <root url="file://$APPLICATION_HOME_DIR$/plugins/python/helpers/python-skeletons" type="simple" />
            <root url="file://$APPLICATION_HOME_DIR$/plugins/python/helpers/typeshed/stdlib/3" type="simple" />
            <root url="file://$APPLICATION_HOME_DIR$/plugins/python/helpers/typeshed/stdlib/2and3" type="simple" />
            <root url="file://$APPLICATION_HOME_DIR$/plugins/python/helpers/typeshed/third_party/3" type="simple" />
            <root url="file://$APPLICATION_HOME_DIR$/plugins/python/helpers/typeshed/third_party/2and3" type="simple" />
          </root>
        </classPath>
        <sourcePath>
          <root type="composite" />
        </sourcePath>
      </roots>
      <additional ASSOCIATED_PROJECT_PATH="$USER_HOME$/PycharmProjects/pyrpa" />
    </jdk>
    <jdk version="2">
      <name value="Python 3.6 (jingdongRobot)" />
      <type value="Python SDK" />
      <version value="Python 3.6.5" />
      <homePath value="$USER_HOME$/PycharmProjects/venv/jingdongRobot/bin/python" />
      <roots>
        <classPath>
          <root type="composite">
            <root url="file:///Library/Frameworks/Python.framework/Versions/3.6/lib/python3.6" type="simple" />
            <root url="file:///Library/Frameworks/Python.framework/Versions/3.6/lib/python3.6/lib-dynload" type="simple" />
            <root url="file://$USER_HOME$/PycharmProjects/venv/jingdongRobot/lib/python3.6/site-packages" type="simple" />
            <root url="file://$USER_HOME$/Library/Caches/JetBrains/PyCharm2020.2/python_stubs/1309243044" type="simple" />
            <root url="file://$APPLICATION_HOME_DIR$/plugins/python/helpers/python-skeletons" type="simple" />
            <root url="file://$APPLICATION_HOME_DIR$/plugins/python/helpers/typeshed/stdlib/3" type="simple" />
            <root url="file://$APPLICATION_HOME_DIR$/plugins/python/helpers/typeshed/stdlib/2and3" type="simple" />
            <root url="file://$APPLICATION_HOME_DIR$/plugins/python/helpers/typeshed/third_party/3" type="simple" />
            <root url="file://$APPLICATION_HOME_DIR$/plugins/python/helpers/typeshed/third_party/2and3" type="simple" />
          </root>
        </classPath>
        <sourcePath>
          <root type="composite" />
        </sourcePath>
      </roots>
      <additional />
    </jdk>
    <jdk version="2">
      <name value="Python 3.6 (examples)" />
      <type value="Python SDK" />
      <version value="Python 3.6.5" />
      <homePath value="$USER_HOME$/PycharmProjects/venv/examples/bin/python" />
      <roots>
        <classPath>
          <root type="composite">
            <root url="file:///Library/Frameworks/Python.framework/Versions/3.6/lib/python3.6" type="simple" />
            <root url="file:///Library/Frameworks/Python.framework/Versions/3.6/lib/python3.6/lib-dynload" type="simple" />
            <root url="file://$USER_HOME$/PycharmProjects/venv/examples/lib/python3.6/site-packages" type="simple" />
            <root url="file://$USER_HOME$/Library/Caches/JetBrains/PyCharm2020.2/python_stubs/-1460508437" type="simple" />
            <root url="file://$APPLICATION_HOME_DIR$/plugins/python/helpers/python-skeletons" type="simple" />
            <root url="file://$APPLICATION_HOME_DIR$/plugins/python/helpers/typeshed/stdlib/3" type="simple" />
            <root url="file://$APPLICATION_HOME_DIR$/plugins/python/helpers/typeshed/stdlib/2and3" type="simple" />
            <root url="file://$APPLICATION_HOME_DIR$/plugins/python/helpers/typeshed/third_party/3" type="simple" />
            <root url="file://$APPLICATION_HOME_DIR$/plugins/python/helpers/typeshed/third_party/2and3" type="simple" />
          </root>
        </classPath>
        <sourcePath>
          <root type="composite" />
        </sourcePath>
      </roots>
      <additional />
    </jdk>
    <jdk version="2">
      <name value="Python 3.6 (wave)" />
      <type value="Python SDK" />
      <version value="Python 3.6.5" />
      <homePath value="$USER_HOME$/wave/venv/bin/python" />
      <roots>
        <classPath>
          <root type="composite">
            <root url="file:///Library/Frameworks/Python.framework/Versions/3.6/lib/python3.6" type="simple" />
            <root url="file:///Library/Frameworks/Python.framework/Versions/3.6/lib/python3.6/lib-dynload" type="simple" />
            <root url="file://$USER_HOME$/wave/venv/lib/python3.6/site-packages" type="simple" />
            <root url="file://$USER_HOME$/Library/Caches/JetBrains/PyCharm2020.2/python_stubs/-207777608" type="simple" />
            <root url="file://$APPLICATION_HOME_DIR$/plugins/python/helpers/python-skeletons" type="simple" />
            <root url="file://$APPLICATION_HOME_DIR$/plugins/python/helpers/typeshed/stdlib/3" type="simple" />
            <root url="file://$APPLICATION_HOME_DIR$/plugins/python/helpers/typeshed/stdlib/2and3" type="simple" />
            <root url="file://$APPLICATION_HOME_DIR$/plugins/python/helpers/typeshed/third_party/3" type="simple" />
            <root url="file://$APPLICATION_HOME_DIR$/plugins/python/helpers/typeshed/third_party/2and3" type="simple" />
          </root>
        </classPath>
        <sourcePath>
          <root type="composite" />
        </sourcePath>
      </roots>
      <additional ASSOCIATED_PROJECT_PATH="$USER_HOME$/wave" />
    </jdk>
    <jdk version="2">
      <name value="Python 3.6 (uibot_movie)" />
      <type value="Python SDK" />
      <version value="Python 3.6.5" />
      <homePath value="$USER_HOME$/PycharmProjects/venv/uibot_movie/bin/python" />
      <roots>
        <classPath>
          <root type="composite">
            <root url="file:///Library/Frameworks/Python.framework/Versions/3.6/lib/python3.6" type="simple" />
            <root url="file:///Library/Frameworks/Python.framework/Versions/3.6/lib/python3.6/lib-dynload" type="simple" />
            <root url="file://$USER_HOME$/PycharmProjects/venv/uibot_movie/lib/python3.6/site-packages" type="simple" />
            <root url="file://$USER_HOME$/Library/Caches/JetBrains/PyCharm2020.2/python_stubs/-1343425778" type="simple" />
            <root url="file://$APPLICATION_HOME_DIR$/plugins/python/helpers/python-skeletons" type="simple" />
            <root url="file://$APPLICATION_HOME_DIR$/plugins/python/helpers/typeshed/stdlib/3" type="simple" />
            <root url="file://$APPLICATION_HOME_DIR$/plugins/python/helpers/typeshed/stdlib/2and3" type="simple" />
            <root url="file://$APPLICATION_HOME_DIR$/plugins/python/helpers/typeshed/third_party/3" type="simple" />
            <root url="file://$APPLICATION_HOME_DIR$/plugins/python/helpers/typeshed/third_party/2and3" type="simple" />
          </root>
        </classPath>
        <sourcePath>
          <root type="composite" />
        </sourcePath>
      </roots>
      <additional ASSOCIATED_PROJECT_PATH="$USER_HOME$/PycharmProjects/uibot_movie" />
    </jdk>
    <jdk version="2">
      <name value="Python 3.6 (zhihu)" />
      <type value="Python SDK" />
      <version value="Python 3.6.5" />
      <homePath value="$USER_HOME$/PycharmProjects/venv/zhihu/bin/python" />
      <roots>
        <classPath>
          <root type="composite">
            <root url="file:///Library/Frameworks/Python.framework/Versions/3.6/lib/python3.6" type="simple" />
            <root url="file:///Library/Frameworks/Python.framework/Versions/3.6/lib/python3.6/lib-dynload" type="simple" />
            <root url="file://$USER_HOME$/PycharmProjects/venv/zhihu/lib/python3.6/site-packages" type="simple" />
            <root url="file://$USER_HOME$/Library/Caches/JetBrains/PyCharm2020.2/python_stubs/1629826346" type="simple" />
            <root url="file://$APPLICATION_HOME_DIR$/plugins/python/helpers/python-skeletons" type="simple" />
            <root url="file://$APPLICATION_HOME_DIR$/plugins/python/helpers/typeshed/stdlib/3" type="simple" />
            <root url="file://$APPLICATION_HOME_DIR$/plugins/python/helpers/typeshed/stdlib/2and3" type="simple" />
            <root url="file://$APPLICATION_HOME_DIR$/plugins/python/helpers/typeshed/third_party/3" type="simple" />
            <root url="file://$APPLICATION_HOME_DIR$/plugins/python/helpers/typeshed/third_party/2and3" type="simple" />
          </root>
        </classPath>
        <sourcePath>
          <root type="composite" />
        </sourcePath>
      </roots>
      <additional ASSOCIATED_PROJECT_PATH="$USER_HOME$/PycharmProjects/zhihu" />
    </jdk>
    <jdk version="2">
      <name value="Python 3.6 (quora)" />
      <type value="Python SDK" />
      <version value="Python 3.6.5" />
      <homePath value="$USER_HOME$/PycharmProjects/venv/quora/bin/python" />
      <roots>
        <classPath>
          <root type="composite">
            <root url="file:///Library/Frameworks/Python.framework/Versions/3.6/lib/python3.6" type="simple" />
            <root url="file:///Library/Frameworks/Python.framework/Versions/3.6/lib/python3.6/lib-dynload" type="simple" />
            <root url="file://$USER_HOME$/PycharmProjects/venv/quora/lib/python3.6/site-packages" type="simple" />
            <root url="file://$USER_HOME$/Library/Caches/JetBrains/PyCharm2020.2/python_stubs/93902072" type="simple" />
            <root url="file://$APPLICATION_HOME_DIR$/plugins/python/helpers/python-skeletons" type="simple" />
            <root url="file://$APPLICATION_HOME_DIR$/plugins/python/helpers/typeshed/stdlib/3" type="simple" />
            <root url="file://$APPLICATION_HOME_DIR$/plugins/python/helpers/typeshed/stdlib/2and3" type="simple" />
            <root url="file://$APPLICATION_HOME_DIR$/plugins/python/helpers/typeshed/third_party/3" type="simple" />
            <root url="file://$APPLICATION_HOME_DIR$/plugins/python/helpers/typeshed/third_party/2and3" type="simple" />
          </root>
        </classPath>
        <sourcePath>
          <root type="composite" />
        </sourcePath>
      </roots>
      <additional ASSOCIATED_PROJECT_PATH="$USER_HOME$/PycharmProjects/quora" />
    </jdk>
    <jdk version="2">
      <name value="Python 3.6 (idlepig)" />
      <type value="Python SDK" />
      <version value="Python 3.6.5" />
      <homePath value="$USER_HOME$/PycharmProjects/venv/idlepig/bin/python" />
      <roots>
        <classPath>
          <root type="composite">
            <root url="file:///Library/Frameworks/Python.framework/Versions/3.6/lib/python3.6" type="simple" />
            <root url="file:///Library/Frameworks/Python.framework/Versions/3.6/lib/python3.6/lib-dynload" type="simple" />
            <root url="file://$USER_HOME$/PycharmProjects/venv/idlepig/lib/python3.6/site-packages" type="simple" />
            <root url="file://$USER_HOME$/Library/Caches/JetBrains/PyCharm2020.2/python_stubs/37451320" type="simple" />
            <root url="file://$APPLICATION_HOME_DIR$/plugins/python/helpers/python-skeletons" type="simple" />
            <root url="file://$APPLICATION_HOME_DIR$/plugins/python/helpers/typeshed/stdlib/3" type="simple" />
            <root url="file://$APPLICATION_HOME_DIR$/plugins/python/helpers/typeshed/stdlib/2and3" type="simple" />
            <root url="file://$APPLICATION_HOME_DIR$/plugins/python/helpers/typeshed/third_party/3" type="simple" />
            <root url="file://$APPLICATION_HOME_DIR$/plugins/python/helpers/typeshed/third_party/2and3" type="simple" />
          </root>
        </classPath>
        <sourcePath>
          <root type="composite" />
        </sourcePath>
      </roots>
      <additional ASSOCIATED_PROJECT_PATH="$USER_HOME$/note/idlepig" />
    </jdk>
    <jdk version="2">
      <name value="Python 3.6 (lawyer)" />
      <type value="Python SDK" />
      <version value="Python 3.6.5" />
      <homePath value="$USER_HOME$/PycharmProjects/venv/lawyer/bin/python" />
      <roots>
        <classPath>
          <root type="composite">
            <root url="file:///Library/Frameworks/Python.framework/Versions/3.6/lib/python3.6" type="simple" />
            <root url="file:///Library/Frameworks/Python.framework/Versions/3.6/lib/python3.6/lib-dynload" type="simple" />
            <root url="file://$USER_HOME$/PycharmProjects/venv/lawyer/lib/python3.6/site-packages" type="simple" />
            <root url="file://$USER_HOME$/Library/Caches/JetBrains/PyCharm2020.2/python_stubs/171878544" type="simple" />
            <root url="file://$APPLICATION_HOME_DIR$/plugins/python/helpers/python-skeletons" type="simple" />
            <root url="file://$APPLICATION_HOME_DIR$/plugins/python/helpers/typeshed/stdlib/3" type="simple" />
            <root url="file://$APPLICATION_HOME_DIR$/plugins/python/helpers/typeshed/stdlib/2and3" type="simple" />
            <root url="file://$APPLICATION_HOME_DIR$/plugins/python/helpers/typeshed/third_party/3" type="simple" />
            <root url="file://$APPLICATION_HOME_DIR$/plugins/python/helpers/typeshed/third_party/2and3" type="simple" />
          </root>
        </classPath>
        <sourcePath>
          <root type="composite" />
        </sourcePath>
      </roots>
      <additional ASSOCIATED_PROJECT_PATH="$USER_HOME$/PycharmProjects/lawyer" />
    </jdk>
  </component>
</application>